threads,time,speedup
1,1.95694,1
2,1.15112,1.70004
4,1.83555,1.06614
8,2.75482,0.71037
16,2.88447,0.678443
